stock_id,regime,model,n_time_ids_total,n_time_ids_kept,n_forecasts,n_missed,miss_rate,median_QLIKE,median_MSE,blowup_pct,pct_leverage,pct_fat_tails
2,liquid,"GJR-GARCH(1,1,1)-t",3830,1915,1411,504,0.2632,-7.177776564404837,9.103028664277093e-09,0.0,0.46,0.14
3,illiquid,"GARCH(1,1)-t",3783,1891,1315,576,0.3046,-5.439668872436506,4.4016879562324936e-07,0.0101,0.3,0.24
5,illiquid,"GJR-GARCH(1,1,1)-t",3653,1826,1366,460,0.2519,-5.641159482311862,4.710693947997977e-07,0.0101,0.36,0.1
6,illiquid,"GJR-GARCH(1,1,1)-t",3765,1882,1337,545,0.2896,-5.308176441181468,4.1179168055784136e-07,0.0101,0.38,0.26
7,mixed,"GJR-GARCH(1,1,1)-t",3762,3762,2723,1039,0.2762,-6.456414388202399,7.131296327254816e-08,0.0,0.46,0.22
9,illiquid,"GJR-GARCH(1,1,1)-t",3703,1851,1365,486,0.2626,-5.523307014352,4.908067845003941e-07,0.0101,0.42,0.2
14,liquid,"GJR-GARCH(1,1,1)-t",3830,1915,1426,489,0.2554,-6.941303363981188,9.706535862250913e-09,0.0,0.54,0.22
15,mixed,"GJR-GARCH(1,1,1)-t",3827,3827,2772,1055,0.2757,-6.355339120472223,5.170637020174822e-08,0.0,0.44,0.18
17,mixed,"GJR-GARCH(1,1,1)-t",3827,3827,2764,1063,0.2778,-6.24031697619178,6.361391546279493e-08,0.0,0.4,0.14
18,illiquid,"GJR-GARCH(1,1,1)-t",3367,1683,1241,442,0.2626,-5.075838071559502,1.7524847780164898e-06,0.0101,0.4,0.1
19,mixed,"GJR-GARCH(1,1,1)-t",3768,3768,2773,995,0.2641,-6.632468014349021,4.927151586722721e-08,0.0,0.44,0.2
26,mixed,"GJR-GARCH(1,1,1)-t",3797,3797,2744,1053,0.2773,-6.525955680970921,3.608265552019722e-08,0.0,0.38,0.26
27,illiquid,"GJR-GARCH(1,1,1)-t",3556,1778,1312,466,0.2621,-5.353539528515331,9.02675994791632e-07,0.0101,0.38,0.2
29,liquid,"GJR-GARCH(1,1,1)-t",3830,1915,1419,496,0.259,-7.332882962249569,2.8180334394997407e-09,0.0,0.4,0.22
31,illiquid,"GJR-GARCH(1,1,1)-t",3829,1914,1470,444,0.232,-6.175166899865921,2.6601445317734794e-07,0.01,0.54,0.32
32,mixed,"GJR-GARCH(1,1,1)-t",3830,3830,2845,985,0.2572,-6.6031725736209275,2.5535349501003573e-08,0.0,0.34,0.22
33,illiquid,"GJR-GARCH(1,1,1)-t",3278,1639,1195,444,0.2709,-5.539966180567344,7.530843541468148e-07,0.01,0.46,0.2
37,illiquid,"GARCH(1,1)-t",3205,1602,1101,501,0.3127,-5.378975620019361,9.531923585212447e-07,0.0102,0.3,0.2
39,liquid,"GJR-GARCH(1,1,1)-t",3828,1914,1365,549,0.2868,-7.040991324409631,1.2738631570545171e-08,0.0,0.32,0.18
40,illiquid,"GARCH(1,1)-t",3735,1867,1293,574,0.3074,-5.546173188555647,5.244002412287823e-07,0.0101,0.28,0.28
41,liquid,"GJR-GARCH(1,1,1)-t",3830,1915,1461,454,0.2371,-7.093791116376279,1.574541715234729e-08,0.0,0.58,0.18
43,liquid,"GJR-GARCH(1,1,1)-t",3830,1915,1382,533,0.2783,-7.691700564688039,1.703133606296149e-09,0.0,0.4,0.24
44,liquid,"GJR-GARCH(1,1,1)-t",3830,1915,1394,521,0.2721,-6.691785582403667,2.083030071935101e-08,0.0,0.38,0.12
46,liquid,"GJR-GARCH(1,1,1)-t",3830,1915,1423,492,0.2569,-7.3134237696329745,1.0695080193032495e-08,0.0,0.46,0.26
47,liquid,"GJR-GARCH(1,1,1)-t",3830,1915,1419,496,0.259,-7.06303505942957,1.79182570643769e-08,0.0,0.4,0.22
48,mixed,"GJR-GARCH(1,1,1)-t",3810,3810,2789,1021,0.268,-6.436599665725731,5.875457296466881e-08,0.0,0.38,0.2
50,liquid,"GJR-GARCH(1,1,1)-t",3830,1915,1355,560,0.2924,-6.7074142744460294,1.3456282359054825e-08,0.0,0.52,0.22
56,mixed,"GJR-GARCH(1,1,1)-t",3830,3830,2739,1091,0.2849,-6.055216355354497,5.1637796518754095e-08,0.0,0.36,0.18
59,mixed,"GARCH(1,1)-t",3824,3824,2696,1128,0.295,-6.3700636573335085,6.478065643617177e-08,0.0,0.3,0.2
62,illiquid,"GJR-GARCH(1,1,1)-t",3813,1906,1372,534,0.2802,-5.452961830889777,3.7468511991880984e-07,0.01,0.38,0.2
64,liquid,"GJR-GARCH(1,1,1)-t",3830,1915,1354,561,0.293,-7.086504881012555,1.1897853284168019e-08,0.0,0.4,0.2
69,liquid,"GJR-GARCH(1,1,1)-t",3830,1915,1389,526,0.2747,-7.078435957974452,6.529659985083755e-09,0.0,0.48,0.3
70,mixed,"GJR-GARCH(1,1,1)-t",3815,3815,2809,1006,0.2637,-6.62923625469557,4.147186198526781e-08,0.0,0.56,0.2
72,mixed,"GJR-GARCH(1,1,1)-t",3802,3802,2838,964,0.2536,-6.535069093438741,5.378132775850913e-08,0.0,0.32,0.18
75,illiquid,"GJR-GARCH(1,1,1)-t",3593,1796,1350,446,0.2483,-5.379126235244968,8.619473042770546e-07,0.01,0.44,0.18
76,mixed,"GJR-GARCH(1,1,1)-t",3830,3830,2747,1083,0.2828,-6.16820392902534,6.007068821644084e-08,0.0,0.44,0.2
82,mixed,"GARCH(1,1)-t",3757,3757,2608,1149,0.3058,-6.466757250086552,7.356291285234753e-08,0.0,0.28,0.16
88,illiquid,"GJR-GARCH(1,1,1)-t",3382,1691,1268,423,0.2501,-5.704570586780822,4.967100384348295e-07,0.0101,0.4,0.28
89,mixed,"GJR-GARCH(1,1,1)-t",3766,3766,2906,860,0.2284,-6.442787300588348,7.7086730115614e-08,0.0,0.5,0.18
90,illiquid,"GJR-GARCH(1,1,1)-t",3739,1869,1359,510,0.2729,-5.611094394206153,4.668500854193382e-07,0.0101,0.36,0.24
93,liquid,"GJR-GARCH(1,1,1)-t",3829,1914,1385,529,0.2764,-7.058861812514663,9.798869188341186e-09,0.0,0.38,0.18
96,mixed,"GJR-GARCH(1,1,1)-t",3830,3830,2764,1066,0.2783,-6.079017894688489,6.935186797214635e-08,0.0,0.36,0.14
97,illiquid,"GJR-GARCH(1,1,1)-t",3763,1881,1375,506,0.269,-5.391834358201501,6.216189979334491e-07,0.01,0.36,0.26
98,illiquid,"GJR-GARCH(1,1,1)-t",3597,1798,1353,445,0.2475,-5.8045177670976065,3.8132454188873014e-07,0.0102,0.4,0.38
99,liquid,"GJR-GARCH(1,1,1)-t",3830,1915,1381,534,0.2789,-7.094041160281911,1.4829426398841034e-08,0.0,0.48,0.18
101,mixed,"GJR-GARCH(1,1,1)-t",3824,3824,2732,1092,0.2856,-6.1820964868175174,6.404030582823335e-08,0.0,0.32,0.2
103,illiquid,"GJR-GARCH(1,1,1)-t",3596,1798,1301,497,0.2764,-5.6645910924462575,4.635477874118555e-07,0.0102,0.4,0.24
108,mixed,"GJR-GARCH(1,1,1)-t",3830,3830,2800,1030,0.2689,-6.490249862451336,3.348684181573974e-08,0.0,0.52,0.3
109,mixed,"GJR-GARCH(1,1,1)-t",3822,3822,2709,1113,0.2912,-6.197797410420792,7.073984950872576e-08,0.0,0.38,0.08
111,liquid,"GJR-GARCH(1,1,1)-t",3830,1915,1438,477,0.2491,-6.751406513345854,1.555710452037352e-08,0.0,0.38,0.2
112,illiquid,"GJR-GARCH(1,1,1)-t",3509,1754,1301,453,0.2583,-5.585954889955271,5.700236541077108e-07,0.0102,0.46,0.22
113,mixed,"GJR-GARCH(1,1,1)-t",3827,3827,2724,1103,0.2882,-6.16494512520392,7.196856870620343e-08,0.0,0.4,0.14
116,illiquid,"GJR-GARCH(1,1,1)-t",3733,1866,1363,503,0.2696,-5.688917119838281,3.4197389306977145e-07,0.0101,0.4,0.18
119,liquid,"GJR-GARCH(1,1,1)-t",3830,1915,1369,546,0.2851,-6.817210503014164,1.3134039411462835e-08,0.0,0.54,0.08
120,liquid,"GJR-GARCH(1,1,1)-t",3830,1915,1406,509,0.2658,-6.838660616787763,1.591378294737039e-08,0.0,0.46,0.24
122,mixed,"GJR-GARCH(1,1,1)-t",3815,3815,2734,1081,0.2834,-6.309250175861488,5.934864891774662e-08,0.0,0.46,0.18
123,liquid,"GJR-GARCH(1,1,1)-t",3830,1915,1402,513,0.2679,-7.040263160783249,9.874620239517684e-09,0.0,0.48,0.14
124,liquid,"GJR-GARCH(1,1,1)-t",3830,1915,1393,522,0.2726,-6.471368555542221,2.024050654328978e-08,0.0,0.54,0.24
125,liquid,"GJR-GARCH(1,1,1)-t",3830,1915,1490,425,0.2219,-7.343083756956618,1.1605075057812748e-08,0.0,0.58,0.16
126,illiquid,"GJR-GARCH(1,1,1)-t",3704,1852,1343,509,0.2748,-5.56659537896925,3.9841108529019036e-07,0.0101,0.36,0.26
