stock_id,liquidity_regime,n_time_ids,ols_median_QLIKE,ols_median_MSE,ols_mean_beta_d,ols_mean_beta_w,ols_mean_beta_m,ols_mean_r2,wls_median_QLIKE,wls_median_MSE,wls_mean_beta_d,wls_mean_beta_w,wls_mean_beta_m,wls_mean_r2,winner,median_QLIKE,median_MSE
2,liquid,1915,-7.154972707876703,3.376846841457663e-09,0.1191956340084958,0.2551902514477822,-1.3475692928780754,0.2294873270774452,-7.15154295012244,3.3307978679656592e-09,0.100441385024303,0.1676324365175865,-1.2693010262555813,0.2274905479408512,OLS,-7.154972707876703,3.3307978679656592e-09
3,illiquid,1891,-5.382780073415927,1.566494964382243e-07,0.1162884404273905,0.1456450280065278,-1.1662306321547458,0.2386429907329762,-5.383133560426083,1.597356224647416e-07,0.0995603238326538,0.0600228270544859,-1.093122265653995,0.2388235050019138,WLS,-5.383133560426083,1.566494964382243e-07
5,illiquid,1826,-5.60039639322264,1.7142144902876307e-07,0.141351032409802,0.2031184555380338,-1.2816934684433507,0.2362224959071376,-5.595852544334038,1.729149875237541e-07,0.1233444448771726,0.1227358158821329,-1.2094773292389978,0.2349388601325805,OLS,-5.60039639322264,1.7142144902876307e-07
6,illiquid,1882,-5.267606690183322,1.5859790909183673e-07,0.120566571521634,0.3027237617824694,-1.3829947875223023,0.2408335398864805,-5.268200619001384,1.5602044822600406e-07,0.0995885648247882,0.2060982054838735,-1.2708840593346926,0.2393214117199269,WLS,-5.268200619001384,1.5602044822600406e-07
7,mixed,3762,-6.385139550407377,2.7747592329007893e-08,0.1348994332673175,0.2241016778195648,-1.3208458446560578,0.236836419034521,-6.381005500104745,2.7706810893100386e-08,0.1174237384065583,0.1447329978779674,-1.256797657623279,0.2358329005337709,OLS,-6.385139550407377,2.7706810893100386e-08
9,illiquid,1851,-5.4787587164098985,1.9320119292870192e-07,0.1236800261846855,0.2026347825904395,-1.317783942025179,0.2358793331050873,-5.481007334661271,1.9347710945565984e-07,0.1046123537775109,0.1191624088961828,-1.2446616842272509,0.2341330873742572,WLS,-5.481007334661271,1.9320119292870192e-07
14,liquid,1915,-6.915279288059796,3.612313966768167e-09,0.1076136646626632,0.2577431348297588,-1.370960629501939,0.2339671763407465,-6.919326098792013,3.689187083643713e-09,0.0873629829861765,0.1707979453705158,-1.2909114036966056,0.2332960222782954,WLS,-6.919326098792013,3.612313966768167e-09
15,mixed,3827,-6.31279952308185,1.926464431141093e-08,0.1136592669441781,0.271195005168814,-1.3599508623865924,0.2339928305171374,-6.309917067804595,1.934165814239296e-08,0.0957314400549446,0.1829371021722278,-1.2831028611980326,0.2316584713798168,OLS,-6.31279952308185,1.926464431141093e-08
17,mixed,3827,-6.213628003902271,2.425373746363683e-08,0.1185008079268965,0.3022361946232593,-1.4014265899060503,0.2344516805075739,-6.211893118774643,2.422711783666296e-08,0.1003732623008832,0.2162860934511862,-1.3189640949466843,0.2328177675173292,OLS,-6.213628003902271,2.422711783666296e-08
18,illiquid,1683,-5.007258018725139,7.639794981255715e-07,0.1748055454673621,0.1646224548923192,-1.2402770200313646,0.2457517079467012,-5.004792471832737,7.624769918823331e-07,0.1579078969445243,0.0930635948897563,-1.1824611480012446,0.2449429619399903,OLS,-5.007258018725139,7.624769918823331e-07
19,mixed,3768,-6.575050409394123,1.9450273099321644e-08,0.1098852289301804,0.1535162229058222,-1.244459440560326,0.2339461350131563,-6.573095754761551,1.9174838688776143e-08,0.0925863023176124,0.0710979640967648,-1.1759254653684392,0.232991307063743,OLS,-6.575050409394123,1.9174838688776143e-08
26,mixed,3797,-6.4827900721783935,1.3916844791315264e-08,0.1136353666702851,0.2196384023556674,-1.2935788423619825,0.2371197610309366,-6.482162028154755,1.3664689861406961e-08,0.0954664863949534,0.1399167303430252,-1.216841403691931,0.2359940551570981,OLS,-6.4827900721783935,1.3664689861406961e-08
27,illiquid,1778,-5.289419706555041,3.442989238274909e-07,0.145206114759192,0.2122120763101316,-1.3456907924214832,0.2376885128818743,-5.282806243828453,3.205875552514277e-07,0.128743883722301,0.1353104627459893,-1.2863632115248878,0.2360498413175869,OLS,-5.289419706555041,3.205875552514277e-07
29,liquid,1915,-7.322918382760887,1.1839499195169082e-09,0.128173594530933,0.2520563001814115,-1.2531605104308554,0.2483549901748357,-7.322625734941597,1.1040709662587288e-09,0.1117470945527623,0.1649507458191033,-1.1618405894046642,0.2469963069819447,OLS,-7.322918382760887,1.1040709662587288e-09
31,illiquid,1914,-6.143193965549889,7.739285560472554e-08,0.0906612413405341,0.1492579298284592,-1.1004634425884134,0.2356406006653267,-6.14166143942073,7.565803710477398e-08,0.0765510251421487,0.0742087393511642,-1.0685696699319176,0.2360707184893435,OLS,-6.143193965549889,7.565803710477398e-08
32,mixed,3830,-6.570987944074383,1.0798947560277298e-08,0.1002874885874643,0.2315779870823541,-1.303313212431353,0.2334741102965512,-6.569197500520298,1.1082124471073396e-08,0.083226759506863,0.1466638884881594,-1.2323987361592812,0.2326232950328376,OLS,-6.570987944074383,1.0798947560277298e-08
33,illiquid,1639,-5.481995001231527,2.6855684652311295e-07,0.1367531094363953,0.2082916749644784,-1.258410398549478,0.2395598609229516,-5.469197056542602,2.598698046820818e-07,0.1186446961094047,0.1244339368200626,-1.1841295936780996,0.2385177096638221,OLS,-5.481995001231527,2.598698046820818e-07
37,illiquid,1602,-5.2620003261578905,4.001184042000809e-07,0.17272674449142,0.2635085189679236,-1.3535237141161924,0.2416844660959745,-5.263475569930822,3.993051922923596e-07,0.1551536647910122,0.186814077506328,-1.2808345709229982,0.2405162968729405,WLS,-5.263475569930822,3.993051922923596e-07
39,liquid,1914,-6.992018987239636,5.3172390967539645e-09,0.1412183383506897,0.2501084113376035,-1.3555230837428098,0.2349119017912579,-6.992754804506587,5.260049386774693e-09,0.1222691692922497,0.1701795099577929,-1.2847842466835084,0.2348326635574457,WLS,-6.992754804506587,5.260049386774693e-09
40,illiquid,1867,-5.51010470943867,2.0420157180314237e-07,0.136902430448064,0.2351110120803537,-1.3211106618313446,0.2357132647735937,-5.507024572981681,2.001697786965006e-07,0.1166589889357598,0.152559123598459,-1.23954345198444,0.2345357621396789,OLS,-5.51010470943867,2.001697786965006e-07
41,liquid,1915,-7.038033394632581,6.7433272518219824e-09,0.0883774881331261,0.2196180389369122,-1.2830470684417543,0.2294681560194661,-7.0381518342233615,6.639237107925015e-09,0.0722439085843925,0.1332158438455013,-1.2118457148299695,0.2295772733639187,WLS,-7.0381518342233615,6.639237107925015e-09
43,liquid,1915,-7.673011787810962,7.73099067120126e-10,0.1638608275366858,0.2791368585913687,-1.2899619827422075,0.2507430971788946,-7.673568368183257,7.934445544327367e-10,0.1467481457592273,0.1874535330863252,-1.1959877586335323,0.2504349788065536,WLS,-7.673568368183257,7.73099067120126e-10
44,liquid,1915,-6.660501660520426,8.582845548520986e-09,0.1048767274535052,0.2699450809387003,-1.3952610028151218,0.233819604098234,-6.662963769881418,8.723480613583251e-09,0.0880932095740245,0.1838671886335111,-1.324155312295903,0.2328143926821018,WLS,-6.662963769881418,8.582845548520986e-09
46,liquid,1915,-7.247534289098022,3.916763015658338e-09,0.0950043268432839,0.1362601832335937,-1.2205972352632466,0.2274299408323539,-7.242044718156465,3.954567361437796e-09,0.0796441641696544,0.0546416983701027,-1.164685504696569,0.2285848464414153,OLS,-7.247534289098022,3.916763015658338e-09
47,liquid,1915,-7.006312734607212,7.434837107630965e-09,0.088241918852998,0.1772215363680554,-1.2546787000769812,0.2358167497938008,-6.997992349666153,7.530803318555537e-09,0.0714916311841893,0.0843159274961619,-1.167568807265056,0.2361793161696581,OLS,-7.006312734607212,7.434837107630965e-09
48,mixed,3810,-6.391719768093432,2.2592241438196073e-08,0.0970528523062208,0.157944819598134,-1.2349251269068449,0.2302517762454301,-6.389632394356436,2.21709235175692e-08,0.0784977147907356,0.0807754838910744,-1.1744870563429028,0.2291427099562641,OLS,-6.391719768093432,2.21709235175692e-08
50,liquid,1915,-6.683838459913897,5.809942116013159e-09,0.1421269331590711,0.3042478558569165,-1.4007822051879506,0.239654505582318,-6.683546772411685,5.793446257309731e-09,0.1228853404607132,0.2200042675820617,-1.3184581251147436,0.2392555686822472,OLS,-6.683838459913897,5.793446257309731e-09
56,mixed,3830,-6.030354665183985,1.931061718395067e-08,0.117070048584638,0.2606480454050847,-1.36168418731441,0.2398988818298677,-6.029771292672588,1.95704173982716e-08,0.099528193553454,0.1790215260857297,-1.2903842326457071,0.2392824119530858,OLS,-6.030354665183985,1.931061718395067e-08
59,mixed,3824,-6.322219733292144,2.483519115127745e-08,0.1072028184225289,0.2180654427197763,-1.3040159121091284,0.2335232501466468,-6.324783423108649,2.4376223477139163e-08,0.0906819298100595,0.1367646445977059,-1.235103418245349,0.2320664663698451,WLS,-6.324783423108649,2.4376223477139163e-08
62,illiquid,1906,-5.415235305712442,1.3970665174746044e-07,0.1303423621808222,0.2090967883124826,-1.291353486688461,0.2285679560553332,-5.415231717755767,1.338474149697809e-07,0.1131727735462139,0.125907325635765,-1.2123023996579398,0.226411374648342,OLS,-5.415235305712442,1.338474149697809e-07
64,liquid,1915,-7.052932838421483,4.682492185108719e-09,0.1262085082881649,0.2088433284121499,-1.2899405061438838,0.2325422321607495,-7.047398090963115,4.70191198339733e-09,0.1076276440751756,0.1195030655482161,-1.2055319076236768,0.2312926399984555,OLS,-7.052932838421483,4.682492185108719e-09
69,liquid,1915,-7.044067451368714,2.5205295865942954e-09,0.150225554520453,0.2451468776750424,-1.3377762382962286,0.2402497871698742,-7.04352011230938,2.4959961745164903e-09,0.1315957924554988,0.164701675579138,-1.268305897088308,0.2392306003216811,OLS,-7.044067451368714,2.4959961745164903e-09
70,mixed,3815,-6.573378241065371,1.553229767827253e-08,0.0904069954642109,0.1747734191919335,-1.267921775459363,0.2330163053225177,-6.568497392953447,1.517822560337488e-08,0.0728657729488814,0.0900178546253056,-1.1996535570960123,0.2321196528801558,OLS,-6.573378241065371,1.517822560337488e-08
72,mixed,3802,-6.476270647336804,2.0612535625842967e-08,0.1068418533406132,0.1732664590725317,-1.2658657205498134,0.2323701108387563,-6.474752957533896,2.0110244513880762e-08,0.0887543194917653,0.0979883216201337,-1.2045302798754187,0.2314573320109457,OLS,-6.476270647336804,2.0110244513880762e-08
75,illiquid,1796,-5.317195033845271,3.428182753974836e-07,0.1301819007346589,0.2574806203168506,-1.3591645203766145,0.2391586096682923,-5.309091086246126,3.38160768643536e-07,0.1117533136976444,0.1792312995164689,-1.300164625254247,0.2363749851065356,OLS,-5.317195033845271,3.38160768643536e-07
76,mixed,3830,-6.128227130595867,2.2683558729684197e-08,0.1380299398114714,0.3016077163696223,-1.4037112059138104,0.2416265155982947,-6.124333277021872,2.257226354061756e-08,0.1185720475592056,0.2211517897084739,-1.32976317777448,0.2410315107070168,OLS,-6.128227130595867,2.257226354061756e-08
82,mixed,3757,-6.412598707640418,2.7760420208365817e-08,0.0869857982024072,0.1828200887817976,-1.2753423821010337,0.2267731335512967,-6.414166415697147,2.673565964028096e-08,0.0689220003288801,0.1018945822665885,-1.2106306491243797,0.226433390086984,WLS,-6.414166415697147,2.673565964028096e-08
88,illiquid,1691,-5.617731866484192,1.962884869508843e-07,0.1414758365875779,0.2356767681293177,-1.3077213256541176,0.2440868255345503,-5.618536578145849,1.8862058918827337e-07,0.1223528721647369,0.1574736289849324,-1.2395501093978432,0.2426111227440499,WLS,-5.618536578145849,1.8862058918827337e-07
89,mixed,3766,-6.377752055345384,2.8385857024679964e-08,0.0991736679120289,0.1858297013861007,-1.2624854230930935,0.2320825583631723,-6.371459567110171,2.829010712670353e-08,0.081552676322515,0.1120042614910247,-1.208866400174234,0.2322397002039461,OLS,-6.377752055345384,2.829010712670353e-08
90,illiquid,1869,-5.5661149617847165,1.7025774624352437e-07,0.125039576232466,0.2214556640376857,-1.362591400435149,0.2350985609478687,-5.560461862853661,1.7678761335318757e-07,0.106625434416156,0.1285083702559115,-1.2727333731633308,0.2337879390636249,OLS,-5.5661149617847165,1.7025774624352437e-07
93,liquid,1914,-7.042929975815287,4.038853596857642e-09,0.1115286812065812,0.2300912299160717,-1.3461932254422615,0.2338186397653474,-7.044477953440648,3.90103172664614e-09,0.0917729058376806,0.137754633205821,-1.254642109538526,0.2324571308175205,WLS,-7.044477953440648,3.90103172664614e-09
96,mixed,3830,-6.064419585400515,2.440948162633322e-08,0.1070540616987556,0.2173478946860688,-1.2724014382975857,0.2330787190546729,-6.062752148775624,2.4916627120358155e-08,0.0888202064160652,0.1248465971090865,-1.1790361824768103,0.2321592055867379,OLS,-6.064419585400515,2.440948162633322e-08
97,illiquid,1881,-5.340734651083608,2.49707038781748e-07,0.1272011039985593,0.253253269166469,-1.3598232641863983,0.2350823821183881,-5.337944862960748,2.461801228744609e-07,0.1089862636150848,0.1762061581116849,-1.2931557528721482,0.2343191266347864,OLS,-5.340734651083608,2.461801228744609e-07
98,illiquid,1798,-5.718057928966972,1.7816846428577716e-07,0.1274006544265387,0.2472036949810966,-1.3877485771295728,0.2391764318077455,-5.715988347308848,1.7392427290485597e-07,0.109643894147584,0.1565855413710754,-1.3101035543408923,0.2378932762512346,OLS,-5.718057928966972,1.7392427290485597e-07
99,liquid,1915,-7.044598664145191,5.533834162875631e-09,0.0898149078265422,0.1550703660361926,-1.2737264411616798,0.2288368644560279,-7.040376448196669,5.1025090070905195e-09,0.0732625029934746,0.0700999071821657,-1.2048212887037033,0.2311735358762845,OLS,-7.044598664145191,5.1025090070905195e-09
101,mixed,3824,-6.144722330675931,2.469212884525749e-08,0.1252428582752036,0.1975095285191934,-1.255665370742569,0.2327189893751975,-6.145948919806356,2.4451086148484842e-08,0.1082397254904706,0.1104807555839965,-1.1749062376031711,0.2314994144329458,WLS,-6.145948919806356,2.4451086148484842e-08
103,illiquid,1798,-5.582004987399921,1.956128716742454e-07,0.1637009107284315,0.3025905964263743,-1.3718883610857862,0.247858244804109,-5.5752950290646,1.9501747214127498e-07,0.1429660333637697,0.2259757566173527,-1.300485685586649,0.2464078823170818,OLS,-5.582004987399921,1.9501747214127498e-07
108,mixed,3830,-6.459023792384055,1.2830387518735676e-08,0.0994255939254966,0.2828483016263162,-1.316688048224014,0.2378446057172866,-6.455520868056921,1.3052359364682194e-08,0.0821681191638803,0.1928935379873801,-1.22914262833109,0.23720936895946,OLS,-6.459023792384055,1.2830387518735676e-08
109,mixed,3822,-6.154433042942889,2.661158610995558e-08,0.1230056277853015,0.2061571864614359,-1.308614411127948,0.2357775192928059,-6.154322473619342,2.6446378738966256e-08,0.1045737671831319,0.1248521696811749,-1.240765296300358,0.2356547402573626,OLS,-6.154433042942889,2.6446378738966256e-08
111,liquid,1915,-6.715471987045414,6.157833075907717e-09,0.1195468401175044,0.1834064039033552,-1.271697072367164,0.2355862413434005,-6.715857397936611,6.253489507657474e-09,0.1034817317658278,0.0952686892886674,-1.191295359031395,0.2354933629228824,WLS,-6.715857397936611,6.157833075907717e-09
112,illiquid,1754,-5.51568042899825,2.3207820372888558e-07,0.1378031962559039,0.2412223748393953,-1.359897269335646,0.236732522476898,-5.513619251039589,2.2638709172023287e-07,0.1183891989440727,0.1613061437217,-1.2914700005385784,0.2348727991552738,OLS,-5.51568042899825,2.2638709172023287e-07
113,mixed,3827,-6.125874895532317,2.821098650560465e-08,0.1324750149917496,0.2432029610707423,-1.3465339545866448,0.2345401289827425,-6.121214600184636,2.7440878755561216e-08,0.1139776391446849,0.1566246145280754,-1.2709373837990583,0.2342240364738998,OLS,-6.125874895532317,2.7440878755561216e-08
116,illiquid,1866,-5.638254067694113,1.4325628400643686e-07,0.1102488373087573,0.3037402531589562,-1.4088217936872396,0.2374881223422881,-5.6304460888128265,1.3628837336003568e-07,0.0908421832586766,0.2180923698737361,-1.3267456938531843,0.2352423391352309,OLS,-5.638254067694113,1.3628837336003568e-07
119,liquid,1915,-6.801166503945201,5.3246939223754115e-09,0.1111581196003906,0.2381801282971592,-1.3398228759777282,0.232980998616554,-6.799110143977612,5.174341526490876e-09,0.0948492176083376,0.1560412998106765,-1.2751865643837283,0.2333469397254361,OLS,-6.801166503945201,5.174341526490876e-09
120,liquid,1915,-6.814413981343964,5.893581212834955e-09,0.0929114303535598,0.2046712947573579,-1.287866229448314,0.22524586565246,-6.813821437276274,6.003456367736962e-09,0.0768012982947671,0.1110032511237983,-1.2055342960854367,0.2266435499156288,OLS,-6.814413981343964,5.893581212834955e-09
122,mixed,3815,-6.2498443525125245,2.1564696549046873e-08,0.1162696899601843,0.1960596003327148,-1.3010045863752036,0.2347609390909122,-6.247713277795794,2.184033692511945e-08,0.0970334135902466,0.1140458860000343,-1.2282287756766486,0.234054321225255,OLS,-6.2498443525125245,2.1564696549046873e-08
123,liquid,1915,-7.006870484087873,3.803736832511188e-09,0.115381538483102,0.2079754736447117,-1.2972001440630758,0.2328276841851597,-7.006098638234949,3.804600292375037e-09,0.0971404394107806,0.1256270019437373,-1.2214654423771656,0.2335860033623566,OLS,-7.006870484087873,3.803736832511188e-09
124,liquid,1915,-6.453997288840203,8.705127017309084e-09,0.1048319946701172,0.2504740640094672,-1.3112790761791029,0.2331808001533842,-6.452449146719209,8.526273345009244e-09,0.086731472684792,0.1720555198622255,-1.24674636390862,0.2332841699774697,OLS,-6.453997288840203,8.526273345009244e-09
125,liquid,1915,-7.288812357246208,3.827142855717273e-09,0.0755164178002884,0.1296446043301251,-1.1748452482834868,0.2293386807351373,-7.284886022385546,3.87067867417164e-09,0.0585843136680922,0.0465160472325496,-1.1114664200055555,0.2303305298628329,OLS,-7.288812357246208,3.827142855717273e-09
126,illiquid,1852,-5.502950420617426,1.5995099064920273e-07,0.1156780851476907,0.1933044312662301,-1.2622661911483726,0.2358522893263878,-5.501478994386648,1.537045774429245e-07,0.101855689501313,0.1141784959912477,-1.204891702376799,0.2357730312406171,OLS,-5.502950420617426,1.537045774429245e-07
