stock_id,median_BAS,mean_BAS,std_BAS,p90_BAS,median_vol,mean_vol,n_time_ids,n_buckets,median_RV,BAS_rank,vol_rank,liquidity_regime,liquidity_score
2,0.0001713172763457,0.0002642577018129,0.0003363570903156,0.0004567290249421,5837.122917960982,5848.836951889531,3830,76600,0.0003793018129279,0.0446428571428571,0.9642857142857144,liquid,0.9589285714285714
3,0.0008780229623331,0.0010783065930176,0.0007305206707392,0.0019288747066882,1138.9223777733332,1266.1815819259457,3830,76545,0.00113154779817,0.875,0.1339285714285714,illiquid,0.1285714285714285
5,0.0009348222069205,0.0011432822070757,0.0007639552551675,0.0020269236929589,1069.7221276654532,1182.911024809779,3830,76396,0.0008429577977839,0.9017857142857144,0.1071428571428571,illiquid,0.1017857142857142
6,0.0008352653764579,0.0009645695891054,0.0005399992385693,0.0016108734996031,1197.2242934198662,1320.1354170490824,3830,76508,0.0013144375424065,0.8571428571428571,0.1517857142857142,illiquid,0.1464285714285714
7,0.0005384091517085,0.0006173355350412,0.000365396471692,0.0009904669729106,1857.3235555650615,2065.351655382875,3830,76529,0.0005655741730776,0.6160714285714286,0.3928571428571428,illiquid,0.3874999999999999
9,0.0009866020336606,0.0012625027274533,0.0009588434698881,0.0023311164574917,1013.579909509906,1150.0532317433815,3830,76461,0.0008999376796398,0.9196428571428572,0.0892857142857142,illiquid,0.0839285714285714
14,0.0001529723986185,0.0001907008510193,0.0001638625980057,0.0002894693562714,6537.127018582334,6528.590017395464,3830,76600,0.000481868576787,0.0357142857142857,0.9732142857142856,liquid,0.9678571428571427
15,0.0004322663171537,0.0005850074594393,0.0005813569747475,0.0011028884070549,2313.3886687831664,2625.0445428042885,3830,76597,0.0006391978250918,0.4732142857142857,0.5357142857142857,liquid,0.5303571428571429
17,0.0004635287847483,0.0005912646217202,0.0004435249325975,0.0010687988106755,2157.3633243575337,2377.5318573632053,3830,76597,0.0007042168265193,0.5267857142857143,0.4821428571428571,illiquid,0.4767857142857142
18,0.0018479106023457,0.0021880715583276,0.0013593600833849,0.0037363263043316,541.1517195315728,600.7201627948301,3830,75995,0.0013679931825373,1.0,0.0089285714285714,illiquid,0.0035714285714285
19,0.0004050269977244,0.0005810572959372,0.0006488067725439,0.0010970655047543,2468.9712182619405,2726.0013053838893,3830,76532,0.0004656844072671,0.4375,0.5714285714285714,liquid,0.5660714285714286
26,0.0003745397513755,0.0005282778272897,0.0005794629442281,0.0009710367001764,2669.9435676119624,3002.508845391564,3830,76567,0.0005389469041874,0.3928571428571428,0.6160714285714286,liquid,0.6107142857142858
27,0.0012960754154655,0.0016275481465659,0.0012153562389706,0.0029521191406233,771.5600404632618,884.5868489813425,3830,76271,0.0010372707924645,0.9732142857142856,0.0357142857142857,illiquid,0.0303571428571428
29,6.38411690383922e-05,6.714024543520514e-05,2.1915885264452943e-05,9.14126328701648e-05,15663.87356425375,16137.274747680114,3830,76600,0.0003373065152099,0.0178571428571428,0.9910714285714286,liquid,0.9857142857142857
31,0.0013025293936601,0.001208491549751,0.0003242938028398,0.0015999907939583,767.73699302147,894.8314451766939,3830,76598,0.0004299312841395,0.9821428571428572,0.0267857142857142,illiquid,0.0214285714285714
32,0.000388136298141,0.00037541547168,6.776775057966639e-05,0.0004493055509007,2576.4145347640883,2750.6872449645184,3830,76600,0.0004948019694495,0.4285714285714285,0.5803571428571429,liquid,0.575
33,0.0012357409601384,0.0016229615562975,0.0013770018994425,0.0030301252750807,809.2310866575164,935.3873602578362,3830,75805,0.000827404368815,0.9553571428571428,0.0535714285714285,illiquid,0.0482142857142856
37,0.0013709169138726,0.0016489000450899,0.001056941683905,0.0028763541704439,729.4388083484763,807.4157852800138,3830,75671,0.0010084931352447,0.9910714285714286,0.0178571428571428,illiquid,0.0124999999999999
39,0.0002115276053417,0.0002998391937517,0.0003015166025931,0.0005486451153173,4727.515345780557,4918.170200221366,3830,76598,0.0004363287848667,0.1339285714285714,0.875,liquid,0.8696428571428572
40,0.0009411333477493,0.001193802186399,0.0008371352397303,0.0021673259185712,1062.5486838729903,1134.5097304051171,3830,76497,0.0009187671792227,0.9107142857142856,0.0982142857142857,illiquid,0.0928571428571428
41,0.0002289465416016,0.00024170504551,6.231482624316991e-05,0.0002709525398804,4367.831865943121,4253.849861694981,3830,76600,0.0003617133249107,0.1607142857142857,0.8482142857142857,liquid,0.8428571428571429
43,4.4609580046428565e-05,4.67430603110126e-05,1.5029563110719024e-05,6.128231298011027e-05,22416.7095713462,22933.606037776182,3830,76600,0.0002460503483309,0.0089285714285714,1.0,liquid,0.9946428571428572
44,0.0002229350204722,0.0002547517713889,0.0001252840923092,0.000353298113338,4485.611986386504,4378.5286635791,3830,76600,0.000611077669605,0.1517857142857142,0.8571428571428571,liquid,0.8517857142857143
46,0.0002095354915591,0.0002260161891827,7.997588962583348e-05,0.0002683566354941,4772.461183348023,4647.465744023813,3830,76600,0.0003347486561456,0.125,0.8839285714285714,liquid,0.8785714285714286
47,0.0002296869630772,0.0002461024474174,0.0001115740632469,0.0002846965750782,4353.751674031959,4289.610300095079,3830,76600,0.0003871644330232,0.1785714285714285,0.8303571428571429,liquid,0.825
48,0.0004608679356659,0.0005942866477384,0.0004816652513483,0.0010726446893199,2169.818992931544,2429.849326600512,3830,76580,0.0005753242079207,0.5089285714285714,0.5,illiquid,0.4946428571428571
50,0.0002023318354352,0.0002260813866404,0.0001200324609306,0.000371103738417,4942.375962990252,5637.962918093201,3830,76600,0.0005983489002179,0.1160714285714285,0.8928571428571429,liquid,0.8875000000000001
56,0.0003872565848167,0.0004508996389913,0.0002545536318863,0.0007481231834435,2582.267259513952,2792.560014058276,3830,76600,0.0008655821656866,0.4196428571428571,0.5892857142857143,liquid,0.5839285714285714
59,0.0004592542448185,0.0006122440995222,0.0005241014398627,0.0011539247581526,2177.443129463829,2363.922706091619,3830,76594,0.0006154571324461,0.5,0.5089285714285714,liquid,0.5035714285714286
62,0.0008014361940253,0.0010013129379985,0.0007027168655889,0.0018272915997943,1247.759969877422,1399.3211974433154,3830,76582,0.0009766171478797,0.8303571428571429,0.1785714285714285,illiquid,0.1732142857142857
64,0.0001959125525734,0.0002597525472959,0.000233042823253,0.0004545854654243,5104.318160692706,5344.474191592374,3830,76600,0.0004157220678955,0.0982142857142857,0.9107142857142856,liquid,0.9053571428571427
69,8.65770318499802e-05,0.000110460548962,8.190441387528256e-05,0.000185067080494,11550.407524512337,11228.867555280758,3830,76600,0.0004218264770279,0.0267857142857142,0.9821428571428572,liquid,0.976785714285714
70,0.0003658562891528,0.0004839178145491,0.0004922725226052,0.0008634039908347,2733.3136798584865,3084.895489606899,3830,76584,0.0004727448509195,0.3660714285714285,0.6428571428571429,liquid,0.6375
72,0.0004801179359052,0.0006910539350306,0.0007613456189074,0.0013523558874249,2082.821584984573,2466.038595073824,3830,76572,0.0005131971787161,0.5446428571428571,0.4642857142857143,illiquid,0.4589285714285714
75,0.0012446909639975,0.0016034668046575,0.0012378280201281,0.0029057040985067,803.4122757574776,871.0959114719141,3829,76299,0.0010997932876141,0.9642857142857144,0.0446428571428571,illiquid,0.0392857142857142
76,0.0004136457849681,0.0005235233043502,0.0003878168009961,0.0009639833290039,2417.527354432736,2698.1528818212305,3830,76600,0.0007623864467464,0.4553571428571428,0.5535714285714286,liquid,0.5482142857142858
82,0.000493509079945,0.0006767985664152,0.0006391795334747,0.0012746343954096,2026.3051697274684,2253.1744912337526,3830,76521,0.0005453371746986,0.5892857142857143,0.4196428571428571,illiquid,0.4142857142857142
88,0.0010041000833765,0.0013196149603147,0.0011226903542905,0.0024469048161447,995.9166588268788,1156.827367313613,3830,76004,0.000746260603137,0.9285714285714286,0.0803571428571428,illiquid,0.0749999999999999
89,0.0004106843134894,0.0005450753257184,0.0004052102005982,0.0009196940622999,2434.9603019980227,2290.3336958831323,3830,76525,0.0005616383567262,0.4464285714285714,0.5625,liquid,0.5571428571428572
90,0.0008791989684774,0.0011411220160517,0.0009075019381026,0.0021051322524049,1137.3989686678133,1257.358529694641,3830,76503,0.0008306376604118,0.8839285714285714,0.125,illiquid,0.1196428571428571
93,0.0001938415632571,0.0002870498568928,0.0002897729538702,0.0005300806919123,5158.852328660078,5297.985257012679,3830,76599,0.0004085235930474,0.0892857142857142,0.9196428571428572,liquid,0.9142857142857144
96,0.0004711891352508,0.0005513327063517,0.000305765777001,0.000922067826986,2122.2900222913518,2258.830064934564,3830,76600,0.0008337927221898,0.5357142857142857,0.4732142857142857,illiquid,0.4678571428571428
97,0.0010639004833124,0.0013189376776859,0.0009067237116052,0.0023628402654056,939.9375370960928,1040.4690987620938,3830,76527,0.0010839963833399,0.9375,0.0714285714285714,illiquid,0.0660714285714285
98,0.0008185592078929,0.0011230378571213,0.001067736417448,0.0021162204981359,1221.6587271409903,1352.9344415756675,3830,76334,0.0006679671448484,0.8392857142857143,0.1696428571428571,illiquid,0.1642857142857142
99,0.0001987404685516,0.0002449133395281,0.0001541916914539,0.0003761766312147,5031.68784541704,4800.766200771274,3830,76600,0.0004125775717082,0.1071428571428571,0.9017857142857144,liquid,0.8964285714285715
101,0.0004804591153722,0.0005657023270501,0.0004240741664388,0.0010085934739249,2081.342549278974,2662.026234403825,3830,76594,0.0007506352247853,0.5535714285714286,0.4553571428571428,illiquid,0.45
103,0.0008941056968369,0.0011982457889314,0.0010501033180917,0.0021859475103104,1118.4360009534946,1222.222231157382,3830,76335,0.0007996058278934,0.8928571428571429,0.1160714285714285,illiquid,0.1107142857142856
108,0.0003764426564689,0.0003640276697504,0.0001215136190283,0.0004437470652133,2656.447091783983,2962.788200455379,3830,76600,0.0005524994990413,0.4017857142857143,0.6071428571428571,liquid,0.6017857142857143
109,0.000489155018245,0.0006116999915493,0.0004366360957526,0.0011285806527148,2044.3416968634133,2326.7738552617584,3830,76592,0.0007403109590632,0.5803571428571429,0.4285714285714285,illiquid,0.4232142857142856
111,0.0001912713893918,0.0002013835156812,8.290092916450907e-05,0.0002281037016719,5228.173451328953,5235.969798735797,3830,76600,0.0004478124732287,0.0714285714285714,0.9375,liquid,0.9321428571428572
112,0.0011048930943411,0.0014340540875912,0.0012068522329143,0.0026529525722557,905.0649380665624,1046.974736245279,3830,76205,0.0008415932025104,0.9464285714285714,0.0625,illiquid,0.0571428571428571
113,0.0004858321950197,0.0005533305358016,0.0002946382078568,0.0008736591324923,2058.323862249933,2201.5929969900008,3830,76596,0.0007732926417024,0.5625,0.4464285714285714,illiquid,0.4410714285714286
116,0.0008201101680127,0.0010526776976533,0.000856275234666,0.0019380027552808,1219.3483741619873,1413.7759411164775,3830,76495,0.0007714884765537,0.8482142857142857,0.1607142857142857,illiquid,0.1553571428571428
119,0.0002228658500735,0.0002594299096005,0.0002123937789789,0.0003358213430265,4487.004176164382,4583.933445973272,3830,76600,0.0005538492581536,0.1428571428571428,0.8660714285714286,liquid,0.8607142857142858
120,0.0002296723550113,0.0002918760551067,0.0002150766824403,0.0004878004338577,4354.0285908267215,4343.866174972627,3830,76600,0.0005111123111843,0.1696428571428571,0.8392857142857143,liquid,0.8339285714285714
122,0.0004517024765366,0.0006286799921604,0.0006332031522146,0.0011946996432294,2213.8466179495767,2461.282364047819,3830,76585,0.0006633901990244,0.4910714285714285,0.5178571428571429,liquid,0.5125
123,0.0001765734157031,0.0002311428750946,0.0001784488301288,0.000391907580851,5663.366685720149,5514.987507656514,3830,76600,0.0004366581714862,0.0535714285714285,0.9553571428571428,liquid,0.95
124,0.0001937843786298,0.0002053957471249,7.324978387009945e-05,0.0002648952729391,5160.374675559276,5204.118688891356,3830,76600,0.0006990989790289,0.0803571428571428,0.9285714285714286,liquid,0.9232142857142857
125,0.000188661839699,0.0002309554351208,0.0001711974196182,0.0002867974949258,5300.488967960933,4915.8262251086535,3830,76600,0.0003420595086163,0.0625,0.9464285714285714,liquid,0.9410714285714286
126,0.0008720121967926,0.0011126362063747,0.0008859506308263,0.0020143710740185,1146.772950747639,1302.4505521847016,3830,76460,0.0008925564972508,0.8660714285714286,0.1428571428571428,illiquid,0.1374999999999999
